AreaCode,AreaName,Date,CumulatedCase,CumulatedDeath,CumulatedFirstVaccin
E12000001,North East,29/4/2022,938049,9081,2092278
E12000002,North West,29/4/2022,2555709,26056,5634215
E12000003,Yorkshire and The Humber,29/4/2022,1798099,16969,4215096
E12000004,East Midlands,29/4/2022,1579875,15102,3780911
E12000005,West Midlands,29/4/2022,1900772,19715,4464269
E12000006,East of England,29/4/2022,2022591,18811,4916806
E12000007,London,29/4/2022,2869332,23377,6480214
E12000008,South East,29/4/2022,2991244,25677,7352872
E12000009,South West,29/4/2022,1736011,11513,4622767
K02000001,United Kingdom,29/4/2022,32853.2,195915,53202723
E12000001,North East,28/4/2022,937492,9078,2092278
E12000002,North West,28/4/2022,2554433,26049,5634215
E12000003,Yorkshire and The Humber,28/4/2022,1797134,16969,4215096
E12000004,East Midlands,28/4/2022,1579083,15102,3780911
E12000005,West Midlands,28/4/2022,1899918,19712,4464269
E12000006,East of England,28/4/2022,2021416,18809,4916806
E12000007,London,28/4/2022,2868054,23376,6480214
E12000008,South East,28/4/2022,2989703,25675,7352872
E12000009,South West,28/4/2022,1734978,11512,4622767
K02000001,United Kingdom,28/4/2022,32834.7,195893,53191232
E12000001,North East,27/4/2022,936908,9070,2092274
E12000002,North West,27/4/2022,2553050,26041,5634057
E12000003,Yorkshire and The Humber,27/4/2022,1796098,16963,4215025
E12000004,East Midlands,27/4/2022,1578147,15101,3780905
E12000005,West Midlands,27/4/2022,1898872,19708,4464057
E12000006,East of England,27/4/2022,2020156,18805,4916629
E12000007,London,27/4/2022,2866570,23372,6480047
E12000008,South East,27/4/2022,2987857,25672,7352800
E12000009,South West,27/4/2022,1733848,11510,4622671
K02000001,United Kingdom,27/4/2022,32813.8,195846,53180153
E12000001,North East,26/4/2022,,9063,2092225
E12000002,North West,26/4/2022,,26027,5633814
E12000003,Yorkshire and The Humber,26/4/2022,,16957,4214906
E12000004,East Midlands,26/4/2022,,15100,3780873
E12000005,West Midlands,26/4/2022,,19699,4463963
E12000006,East of England,26/4/2022,,18796,4916673
E12000007,London,26/4/2022,,23364,6480213
E12000008,South East,26/4/2022,,25668,7352641
E12000009,South West,26/4/2022,,11503,4622628
K02000001,United Kingdom,26/4/2022,32788.3,195775,53170544
E12000001,North East,25/4/2022,935329,9056,2092243
E12000002,North West,25/4/2022,2549777,26016,5633701
E12000003,Yorkshire and The Humber,25/4/2022,1792414,16951,4214863
E12000004,East Midlands,25/4/2022,1576255,15096,3780703
E12000005,West Midlands,25/4/2022,1896388,19690,4464048
E12000006,East of England,25/4/2022,2017199,18793,4916606
E12000007,London,25/4/2022,2863539,23360,6479747
E12000008,South East,25/4/2022,2983525,25660,7352413
E12000009,South West,25/4/2022,1731020,11499,4622743
K02000001,United Kingdom,25/4/2022,32763.6,195703,53161003
E12000001,North East,24/4/2022,,9051,2092157
E12000002,North West,24/4/2022,,26005,5633243
E12000003,Yorkshire and The Humber,24/4/2022,,16940,4214606
E12000004,East Midlands,24/4/2022,,15092,3780532
E12000005,West Midlands,24/4/2022,,19681,4463731
E12000006,East of England,24/4/2022,,18785,4916332
E12000007,London,24/4/2022,,23351,6479161
E12000008,South East,24/4/2022,,25649,7351988
E12000009,South West,24/4/2022,,11493,4622578
K02000001,United Kingdom,24/4/2022,32696.5,195613,53152044
E12000001,North East,23/4/2022,,9050,2091904
E12000002,North West,23/4/2022,,25993,5632516
E12000003,Yorkshire and The Humber,23/4/2022,,16928,4214095
E12000004,East Midlands,23/4/2022,,15084,3780163
E12000005,West Midlands,23/4/2022,,19667,4463245
E12000006,East of England,23/4/2022,,18776,4915528
E12000007,London,23/4/2022,,23346,6477675
E12000008,South East,23/4/2022,,25640,7350905
E12000009,South West,23/4/2022,,11490,4622048
K02000001,United Kingdom,23/4/2022,32696.5,195521,53136420
E12000001,North East,22/4/2022,933139,9046,2091904
E12000002,North West,22/4/2022,2545225,25978,5632516
E12000003,Yorkshire and The Humber,22/4/2022,1788828,16921,4214095
E12000004,East Midlands,22/4/2022,1573273,15076,3780163
E12000005,West Midlands,22/4/2022,1892830,19661,4463245
E12000006,East of England,22/4/2022,2013163,18767,4915528
E12000007,London,22/4/2022,2859304,23340,6477675
E12000008,South East,22/4/2022,2977635,25625,7350905
E12000009,South West,22/4/2022,1726861,11479,4622048
K02000001,United Kingdom,22/4/2022,32696.5,195418,53104502
E12000001,North East,21/4/2022,932283,9042,2091904
E12000002,North West,21/4/2022,2543227,25964,5632516
E12000003,Yorkshire and The Humber,21/4/2022,1787281,16915,4214095
E12000004,East Midlands,21/4/2022,1571989,15070,3780163
E12000005,West Midlands,21/4/2022,1891280,19646,4463245
E12000006,East of England,21/4/2022,2011158,18752,4915528
E12000007,London,21/4/2022,2857356,23332,6477675
E12000008,South East,21/4/2022,2975044,25611,7350905
E12000009,South West,21/4/2022,1725138,11471,4622048
K02000001,United Kingdom,21/4/2022,32667.1,195306,53088681
E12000001,North East,20/4/2022,931238,9035,2091734
E12000002,North West,20/4/2022,2540881,25955,5632335
E12000003,Yorkshire and The Humber,20/4/2022,1785532,16901,4213931
E12000004,East Midlands,20/4/2022,1570462,15061,3780037
E12000005,West Midlands,20/4/2022,1889506,19632,4462996
E12000006,East of England,20/4/2022,2008852,18740,4915338
E12000007,London,20/4/2022,2855147,23320,6477545
E12000008,South East,20/4/2022,2971931,25595,7350604
E12000009,South West,20/4/2022,1723060,11454,4621884
K02000001,United Kingdom,20/4/2022,32632.1,195170,53071451
E12000001,North East,19/4/2022,930082,9030,2091801
E12000002,North West,19/4/2022,2538119,25936,5632214
E12000003,Yorkshire and The Humber,19/4/2022,1783447,16891,4213870
E12000004,East Midlands,19/4/2022,1568722,15053,3780194
E12000005,West Midlands,19/4/2022,1887522,19621,4463033
E12000006,East of England,19/4/2022,2006354,18723,4915304
E12000007,London,19/4/2022,2852693,23312,6477234
E12000008,South East,19/4/2022,2968504,25576,7350711
E12000009,South West,19/4/2022,1720803,11438,4622182
K02000001,United Kingdom,19/4/2022,32593.2,195034,53057035
E12000001,North East,18/4/2022,,9027,2091666
E12000002,North West,18/4/2022,,25917,5631683
E12000003,Yorkshire and The Humber,18/4/2022,,16877,4213541
E12000004,East Midlands,18/4/2022,,15040,3779881
E12000005,West Midlands,18/4/2022,,19614,4462547
E12000006,East of England,18/4/2022,,18709,4915006
E12000007,London,18/4/2022,,23300,6476335
E12000008,South East,18/4/2022,,25563,7350100
E12000009,South West,18/4/2022,,11427,4621742
K02000001,United Kingdom,18/4/2022,32419.9,194901,53041898
E12000001,North East,17/4/2022,,9020,2091460
E12000002,North West,17/4/2022,,25902,5630595
E12000003,Yorkshire and The Humber,17/4/2022,,16865,4213031
E12000004,East Midlands,17/4/2022,,15029,3779372
E12000005,West Midlands,17/4/2022,,19600,4461796
E12000006,East of England,17/4/2022,,18698,4914144
E12000007,London,17/4/2022,,23289,6473781
E12000008,South East,17/4/2022,,25547,7348873
E12000009,South West,17/4/2022,,11402,4621369
K02000001,United Kingdom,17/4/2022,32419.9,194752,53035858
E12000001,North East,16/4/2022,,9013,2091460
E12000002,North West,16/4/2022,,25888,5630595
E12000003,Yorkshire and The Humber,16/4/2022,,16849,4213031
E12000004,East Midlands,16/4/2022,,15018,3779372
E12000005,West Midlands,16/4/2022,,19584,4461796
E12000006,East of England,16/4/2022,,18686,4914144
E12000007,London,16/4/2022,,23277,6473781
E12000008,South East,16/4/2022,,25535,7348873
E12000009,South West,16/4/2022,,11383,4621369
K02000001,United Kingdom,16/4/2022,32419.9,194612,53031035
E12000001,North East,15/4/2022,,9004,2091460
E12000002,North West,15/4/2022,,25866,5630595
E12000003,Yorkshire and The Humber,15/4/2022,,16830,4213031
E12000004,East Midlands,15/4/2022,,15007,3779372
E12000005,West Midlands,15/4/2022,,19572,4461796
E12000006,East of England,15/4/2022,,18674,4914144
E12000007,London,15/4/2022,,23267,6473781
E12000008,South East,15/4/2022,,25518,7348873
E12000009,South West,15/4/2022,,11373,4621369
K02000001,United Kingdom,15/4/2022,32419.9,194467,53012870
E12000001,North East,14/4/2022,924983,8995,2091460
E12000002,North West,14/4/2022,2526728,25851,5630595
E12000003,Yorkshire and The Humber,14/4/2022,1774031,16811,4213031
E12000004,East Midlands,14/4/2022,1560657,14993,3779372
E12000005,West Midlands,14/4/2022,1878000,19557,4461796
E12000006,East of England,14/4/2022,1995439,18664,4914144
E12000007,London,14/4/2022,2842274,23261,6473781
E12000008,South East,14/4/2022,2952546,25497,7348873
E12000009,South West,14/4/2022,1709740,11352,4621369
K02000001,United Kingdom,14/4/2022,32419.9,194310,53001426
E12000001,North East,13/4/2022,923515,8986,2091460
E12000002,North West,13/4/2022,2523441,25829,5630595
E12000003,Yorkshire and The Humber,13/4/2022,1771309,16793,4213031
E12000004,East Midlands,13/4/2022,1558254,14977,3779372
E12000005,West Midlands,13/4/2022,1875186,19542,4461796
E12000006,East of England,13/4/2022,1992196,18650,4914144
E12000007,London,13/4/2022,2839306,23249,6473781
E12000008,South East,13/4/2022,2947731,25474,7348873
E12000009,South West,13/4/2022,1706511,11337,4621369
K02000001,United Kingdom,13/4/2022,32371.4,194137,52978585
E12000001,North East,12/4/2022,921994,8978,2091434
E12000002,North West,12/4/2022,2520001,25804,5630110
E12000003,Yorkshire and The Humber,12/4/2022,1768556,16777,4212789
E12000004,East Midlands,12/4/2022,1555735,14960,3779317
E12000005,West Midlands,12/4/2022,1872082,19514,4461697
E12000006,East of England,12/4/2022,1988444,18638,4914014
E12000007,London,12/4/2022,2836130,23234,6473348
E12000008,South East,12/4/2022,2942488,25450,7348583
E12000009,South West,12/4/2022,1703161,11317,4621125
K02000001,United Kingdom,12/4/2022,32318,193936,52959181
E12000001,North East,11/4/2022,920223,8972,2091439
E12000002,North West,11/4/2022,2516400,25788,5629879
E12000003,Yorkshire and The Humber,11/4/2022,1765704,16771,4212662
E12000004,East Midlands,11/4/2022,1552807,14946,3779230
E12000005,West Midlands,11/4/2022,1868893,19487,4461688
E12000006,East of England,11/4/2022,1985026,18612,4913833
E12000007,London,11/4/2022,2832627,23222,6472591
E12000008,South East,11/4/2022,2936774,25428,7348407
E12000009,South West,11/4/2022,1699418,11300,4621185
K02000001,United Kingdom,11/4/2022,32260.7,193751,52941680
E12000001,North East,10/4/2022,,8962,2084111
E12000002,North West,10/4/2022,,25777,5610265
E12000003,Yorkshire and The Humber,10/4/2022,,16755,4197213
E12000004,East Midlands,10/4/2022,,14929,3764576
E12000005,West Midlands,10/4/2022,,19469,4445450
E12000006,East of England,10/4/2022,,18600,4894958
E12000007,London,10/4/2022,,23207,6452320
E12000008,South East,10/4/2022,,25409,7317306
E12000009,South West,10/4/2022,,11276,4603280
K02000001,United Kingdom,10/4/2022,32125,193583,52925734
E12000001,North East,9/4/2022,,8955,2084077
E12000002,North West,9/4/2022,,25763,5609918
E12000003,Yorkshire and The Humber,9/4/2022,,16732,4196975
E12000004,East Midlands,9/4/2022,,14916,3764570
E12000005,West Midlands,9/4/2022,,19455,4445552
E12000006,East of England,9/4/2022,,18583,4895038
E12000007,London,9/4/2022,,23196,6451403
E12000008,South East,9/4/2022,,25382,7317502
E12000009,South West,9/4/2022,,11254,4603601
K02000001,United Kingdom,9/4/2022,32125,193399,52910458
E12000001,North East,8/4/2022,916523,8948,2084077
E12000002,North West,8/4/2022,2507906,25748,5609918
E12000003,Yorkshire and The Humber,8/4/2022,1758598,16712,4196975
E12000004,East Midlands,8/4/2022,1546102,14905,3764570
E12000005,West Midlands,8/4/2022,1861380,19444,4445552
E12000006,East of England,8/4/2022,1976014,18560,4895038
E12000007,London,8/4/2022,2823873,23186,6451403
E12000008,South East,8/4/2022,2922901,25357,7317502
E12000009,South West,8/4/2022,1690368,11237,4603601
K02000001,United Kingdom,8/4/2022,32125,193236,52885279
E12000001,North East,7/4/2022,914716,8937,2084077
E12000002,North West,7/4/2022,2503877,25725,5609918
E12000003,Yorkshire and The Humber,7/4/2022,1755469,16688,4196975
E12000004,East Midlands,7/4/2022,1543338,14893,3764570
E12000005,West Midlands,7/4/2022,1857976,19430,4445552
E12000006,East of England,7/4/2022,1972124,18542,4895038
E12000007,London,7/4/2022,2820027,23178,6451403
E12000008,South East,7/4/2022,2916641,25318,7317502
E12000009,South West,7/4/2022,1686240,11206,4603601
K02000001,United Kingdom,7/4/2022,32063.4,193015,52873079
E12000001,North East,6/4/2022,912686,8932,2084141
E12000002,North West,6/4/2022,2499350,25706,5609983
E12000003,Yorkshire and The Humber,6/4/2022,1751879,16677,4197016
E12000004,East Midlands,6/4/2022,1540018,14873,3764516
E12000005,West Midlands,6/4/2022,1853813,19410,4445468
E12000006,East of England,6/4/2022,1967626,18514,4894925
E12000007,London,6/4/2022,2815702,23161,6451230
E12000008,South East,6/4/2022,2909670,25285,7317372
E12000009,South West,6/4/2022,1681472,11183,4603584
K02000001,United Kingdom,6/4/2022,31993.4,192796,52861739
E12000001,North East,5/4/2022,910389,8926,2084104
E12000002,North West,5/4/2022,2494521,25687,5609511
E12000003,Yorkshire and The Humber,5/4/2022,1747938,16657,4196899
E12000004,East Midlands,5/4/2022,1536261,14858,3764424
E12000005,West Midlands,5/4/2022,1849560,19391,4445246
E12000006,East of England,5/4/2022,1962772,18505,4894753
E12000007,London,5/4/2022,2810603,23143,6450627
E12000008,South East,5/4/2022,2901950,25256,7316912
E12000009,South West,5/4/2022,1676325,11165,4603451
K02000001,United Kingdom,5/4/2022,31917,192613,52849370
E12000001,North East,4/4/2022,908165,8914,2084089
E12000002,North West,4/4/2022,2489648,25668,5609172
E12000003,Yorkshire and The Humber,4/4/2022,1743906,16646,4196831
E12000004,East Midlands,4/4/2022,1532742,14841,3764324
E12000005,West Midlands,4/4/2022,1845196,19380,4445161
E12000006,East of England,4/4/2022,1958085,18488,4894652
E12000007,London,4/4/2022,2805965,23132,6449974
E12000008,South East,4/4/2022,2894303,25224,7316615
E12000009,South West,4/4/2022,1671176,11142,4603474
K02000001,United Kingdom,4/4/2022,31841.5,192420,52837997
E12000001,North East,3/4/2022,,8909,2083998
E12000002,North West,3/4/2022,,25650,5608594
E12000003,Yorkshire and The Humber,3/4/2022,,16631,4196442
E12000004,East Midlands,3/4/2022,,14827,3764076
E12000005,West Midlands,3/4/2022,,19364,4444807
E12000006,East of England,3/4/2022,,18467,4894282
E12000007,London,3/4/2022,,23125,6448525
E12000008,South East,3/4/2022,,25213,7316116
E12000009,South West,3/4/2022,,11113,4603199
K02000001,United Kingdom,3/4/2022,31628.6,192249,52826860
E12000001,North East,2/4/2022,,8899,2083924
E12000002,North West,2/4/2022,,25634,5608117
E12000003,Yorkshire and The Humber,2/4/2022,,16619,4196057
E12000004,East Midlands,2/4/2022,,14816,3763551
E12000005,West Midlands,2/4/2022,,19352,4444638
E12000006,East of England,2/4/2022,,18450,4893920
E12000007,London,2/4/2022,,23108,6447407
E12000008,South East,2/4/2022,,25194,7315529
E12000009,South West,2/4/2022,,11086,4602998
K02000001,United Kingdom,2/4/2022,31628.6,192073,52819360
E12000001,North East,1/4/2022,902347,8891,2083924
E12000002,North West,1/4/2022,2476284,25617,5608117
E12000003,Yorkshire and The Humber,1/4/2022,1732903,16593,4196057
E12000004,East Midlands,1/4/2022,1522513,14805,3763551
E12000005,West Midlands,1/4/2022,1832704,19339,4444638
E12000006,East of England,1/4/2022,1943575,18429,4893920
E12000007,London,1/4/2022,2790572,23099,6447407
E12000008,South East,1/4/2022,2871988,25172,7315529
E12000009,South West,1/4/2022,1655845,11059,4602998
K02000001,United Kingdom,1/4/2022,31628.6,191898,52808470
E12000001,North East,31/3/2022,899346,8886,2083924
E12000002,North West,31/3/2022,2468831,25597,5608117
E12000003,Yorkshire and The Humber,31/3/2022,1727431,16578,4196057
E12000004,East Midlands,31/3/2022,1517652,14788,3763551
E12000005,West Midlands,31/3/2022,1826980,19321,4444638
E12000006,East of England,31/3/2022,1936478,18406,4893920
E12000007,London,31/3/2022,2783058,23085,6447407
E12000008,South East,31/3/2022,2861188,25147,7315529
E12000009,South West,31/3/2022,1648264,11040,4602998
K02000001,United Kingdom,31/3/2022,31525.1,191700,52803478
E12000001,North East,30/3/2022,896324,8879,2084000
E12000002,North West,30/3/2022,2460879,25585,5608190
E12000003,Yorkshire and The Humber,30/3/2022,1721982,16562,4196040
E12000004,East Midlands,30/3/2022,1512546,14779,3763659
E12000005,West Midlands,30/3/2022,1820709,19307,4444717
E12000006,East of England,30/3/2022,1929494,18387,4894137
E12000007,London,30/3/2022,2775804,23071,6446965
E12000008,South East,30/3/2022,2849519,25125,7315770
E12000009,South West,30/3/2022,1639766,11012,4603192
K02000001,United Kingdom,30/3/2022,31414.2,191520,52798443
E12000001,North East,29/3/2022,892472,8872,2083973
E12000002,North West,29/3/2022,2452536,25568,5607808
E12000003,Yorkshire and The Humber,29/3/2022,1715384,16544,4195902
E12000004,East Midlands,29/3/2022,1506206,14770,3763573
E12000005,West Midlands,29/3/2022,1813870,19296,4444480
E12000006,East of England,29/3/2022,1920323,18370,4894084
E12000007,London,29/3/2022,2765899,23059,6446284
E12000008,South East,29/3/2022,2835895,25093,7315592
E12000009,South West,29/3/2022,1630749,10990,4603147
K02000001,United Kingdom,29/3/2022,31284.7,191343,52792930
E12000001,North East,28/3/2022,889514,8867,2083836
E12000002,North West,28/3/2022,2444507,25541,5607370
E12000003,Yorkshire and The Humber,28/3/2022,1709431,16520,4195676
E12000004,East Midlands,28/3/2022,1500718,14759,3763365
E12000005,West Midlands,28/3/2022,1807519,19283,4444235
E12000006,East of England,28/3/2022,1912391,18354,4893871
E12000007,London,28/3/2022,2758623,23049,6445573
E12000008,South East,28/3/2022,2824161,25076,7315340
E12000009,South West,28/3/2022,1622059,10968,4602950
K02000001,United Kingdom,28/3/2022,31164.5,191159,52788065
E12000001,North East,27/3/2022,,8862,2083714
E12000002,North West,27/3/2022,,25519,5607001
E12000003,Yorkshire and The Humber,27/3/2022,,16505,4195410
E12000004,East Midlands,27/3/2022,,14746,3763203
E12000005,West Midlands,27/3/2022,,19270,4443952
E12000006,East of England,27/3/2022,,18335,4893638
E12000007,London,27/3/2022,,23040,6444740
E12000008,South East,27/3/2022,,25056,7315030
E12000009,South West,27/3/2022,,10953,4602760
K02000001,United Kingdom,27/3/2022,30844.9,190987,52783242
E12000001,North East,26/3/2022,,8855,2083673
E12000002,North West,26/3/2022,,25505,5606170
E12000003,Yorkshire and The Humber,26/3/2022,,16493,4195007
E12000004,East Midlands,26/3/2022,,14732,3762738
E12000005,West Midlands,26/3/2022,,19261,4443548
E12000006,East of England,26/3/2022,,18320,4893299
E12000007,London,26/3/2022,,23034,6443292
E12000008,South East,26/3/2022,,25035,7314337
E12000009,South West,26/3/2022,,10930,4602432
K02000001,United Kingdom,26/3/2022,30844.9,190833,52775615
E12000001,North East,25/3/2022,881312,8852,2083673
E12000002,North West,25/3/2022,2423809,25491,5606170
E12000003,Yorkshire and The Humber,25/3/2022,1693646,16479,4195007
E12000004,East Midlands,25/3/2022,1485510,14724,3762738
E12000005,West Midlands,25/3/2022,1789808,19246,4443548
E12000006,East of England,25/3/2022,1890836,18300,4893299
E12000007,London,25/3/2022,2734852,23027,6443292
E12000008,South East,25/3/2022,2789767,25015,7314337
E12000009,South West,25/3/2022,1597794,10910,4602432
K02000001,United Kingdom,25/3/2022,30844.9,190678,52764899
E12000001,North East,24/3/2022,878598,8848,2083673
E12000002,North West,24/3/2022,2416247,25469,5606170
E12000003,Yorkshire and The Humber,24/3/2022,1687879,16468,4195007
E12000004,East Midlands,24/3/2022,1480295,14713,3762738
E12000005,West Midlands,24/3/2022,1783981,19225,4443548
E12000006,East of England,24/3/2022,1883007,18281,4893299
E12000007,London,24/3/2022,2727735,23017,6443292
E12000008,South East,24/3/2022,2778114,24996,7314337
E12000009,South West,24/3/2022,1588662,10895,4602432
K02000001,United Kingdom,24/3/2022,30729.6,190503,52759213
E12000001,North East,23/3/2022,874664,8842,2083662
E12000002,North West,23/3/2022,2407419,25459,5605996
E12000003,Yorkshire and The Humber,23/3/2022,1681338,16458,4194911
E12000004,East Midlands,23/3/2022,1473993,14701,3762662
E12000005,West Midlands,23/3/2022,1776928,19213,4443483
E12000006,East of England,23/3/2022,1873414,18266,4893179
E12000007,London,23/3/2022,2718013,23010,6442871
E12000008,South East,23/3/2022,2763061,24973,7314205
E12000009,South West,23/3/2022,1577099,10880,4602331
K02000001,United Kingdom,23/3/2022,30583.8,190348,52754119
E12000001,North East,22/3/2022,870897,8838,2083580
E12000002,North West,22/3/2022,2397609,25445,5605716
E12000003,Yorkshire and The Humber,22/3/2022,1674228,16448,4194709
E12000004,East Midlands,22/3/2022,1466985,14690,3762561
E12000005,West Midlands,22/3/2022,1768898,19205,4443346
E12000006,East of England,22/3/2022,1862962,18253,4893065
E12000007,London,22/3/2022,2707675,23003,6442275
E12000008,South East,22/3/2022,2746725,24946,7314041
E12000009,South West,22/3/2022,1564741,10856,4602103
K02000001,United Kingdom,22/3/2022,30431.4,190194,52756382
E12000001,North East,21/3/2022,868013,8832,2083478
E12000002,North West,21/3/2022,2389015,25428,5605574
E12000003,Yorkshire and The Humber,21/3/2022,1668079,16434,4194654
E12000004,East Midlands,21/3/2022,1461078,14683,3762506
E12000005,West Midlands,21/3/2022,1762372,19197,4443270
E12000006,East of England,21/3/2022,1853602,18238,4892896
E12000007,London,21/3/2022,2699255,22992,6441619
E12000008,South East,21/3/2022,2732030,24921,7313937
E12000009,South West,21/3/2022,1553127,10843,4602030
K02000001,United Kingdom,21/3/2022,30290.8,190034,52751751
E12000001,North East,20/3/2022,,8826,2083379
E12000002,North West,20/3/2022,,25409,5605187
E12000003,Yorkshire and The Humber,20/3/2022,,16424,4194425
E12000004,East Midlands,20/3/2022,,14671,3762359
E12000005,West Midlands,20/3/2022,,19183,4443012
E12000006,East of England,20/3/2022,,18225,4892624
E12000007,London,20/3/2022,,22984,6440633
E12000008,South East,20/3/2022,,24906,7313559
E12000009,South West,20/3/2022,,10827,4601745
K02000001,United Kingdom,20/3/2022,29954.4,189881,52747246
E12000001,North East,19/3/2022,,8824,2083187
E12000002,North West,19/3/2022,,25399,5604317
E12000003,Yorkshire and The Humber,19/3/2022,,16401,4193946
E12000004,East Midlands,19/3/2022,,14663,3761907
E12000005,West Midlands,19/3/2022,,19169,4442409
E12000006,East of England,19/3/2022,,18215,4892178
E12000007,London,19/3/2022,,22973,6438743
E12000008,South East,19/3/2022,,24879,7312799
E12000009,South West,19/3/2022,,10812,4601226
K02000001,United Kingdom,19/3/2022,29954.4,189716,52740240
E12000001,North East,18/3/2022,861190,8821,2083187
E12000002,North West,18/3/2022,2368518,25380,5604317
E12000003,Yorkshire and The Humber,18/3/2022,1652924,16386,4193946
E12000004,East Midlands,18/3/2022,1446216,14653,3761907
E12000005,West Midlands,18/3/2022,1745706,19159,4442409
E12000006,East of England,18/3/2022,1829448,18200,4892178
E12000007,London,18/3/2022,2675891,22960,6438743
E12000008,South East,18/3/2022,2694604,24864,7312799
E12000009,South West,18/3/2022,1525243,10796,4601226
K02000001,United Kingdom,18/3/2022,29954.4,189556,52730003
E12000001,North East,17/3/2022,858664,8816,2083187
E12000002,North West,17/3/2022,2360588,25368,5604317
E12000003,Yorkshire and The Humber,17/3/2022,1647610,16370,4193946
E12000004,East Midlands,17/3/2022,1440927,14641,3761907
E12000005,West Midlands,17/3/2022,1740016,19147,4442409
E12000006,East of England,17/3/2022,1820795,18186,4892178
E12000007,London,17/3/2022,2667461,22948,6438743
E12000008,South East,17/3/2022,2680985,24845,7312799
E12000009,South West,17/3/2022,1514890,10780,4601226
K02000001,United Kingdom,17/3/2022,29817,189390,52725660
E12000001,North East,16/3/2022,855912,8814,2083044
E12000002,North West,16/3/2022,2352728,25357,5603967
E12000003,Yorkshire and The Humber,16/3/2022,1641978,16360,4193797
E12000004,East Midlands,16/3/2022,1435055,14632,3761828
E12000005,West Midlands,16/3/2022,1733971,19136,4442176
E12000006,East of England,16/3/2022,1810832,18175,4891997
E12000007,London,16/3/2022,2657971,22937,6437986
E12000008,South East,16/3/2022,2665318,24825,7312496
E12000009,South West,16/3/2022,1503225,10761,4601147
K02000001,United Kingdom,16/3/2022,29682.2,189254,52721459
E12000001,North East,15/3/2022,853085,8809,2082929
E12000002,North West,15/3/2022,2344755,25338,5603626
E12000003,Yorkshire and The Humber,15/3/2022,1636886,16348,4193406
E12000004,East Midlands,15/3/2022,1429119,14629,3761610
E12000005,West Midlands,15/3/2022,1727835,19126,4442014
E12000006,East of England,15/3/2022,1800312,18163,4891907
E12000007,London,15/3/2022,2648327,22925,6437006
E12000008,South East,15/3/2022,2648845,24808,7312260
E12000009,South West,15/3/2022,1492102,10750,4601025
K02000001,United Kingdom,15/3/2022,29546.5,189114,52717450
E12000001,North East,14/3/2022,850853,8809,2082908
E12000002,North West,14/3/2022,2337658,25330,5603280
E12000003,Yorkshire and The Humber,14/3/2022,1632269,16341,4193053
E12000004,East Midlands,14/3/2022,1424081,14619,3761511
E12000005,West Midlands,14/3/2022,1722636,19114,4441994
E12000006,East of England,14/3/2022,1791334,18149,4891857
E12000007,London,14/3/2022,2640667,22917,6436123
E12000008,South East,14/3/2022,2635771,24788,7312061
E12000009,South West,14/3/2022,1482191,10734,4601043
K02000001,United Kingdom,14/3/2022,29368.8,188997,52713188
E12000001,North East,13/3/2022,,8806,2082817
E12000002,North West,13/3/2022,,25316,5602768
E12000003,Yorkshire and The Humber,13/3/2022,,16333,4192738
E12000004,East Midlands,13/3/2022,,14603,3761289
E12000005,West Midlands,13/3/2022,,19108,4441640
E12000006,East of England,13/3/2022,,18137,4891595
E12000007,London,13/3/2022,,22907,6434862
E12000008,South East,13/3/2022,,24761,7311671
E12000009,South West,13/3/2022,,10718,4600689
K02000001,United Kingdom,13/3/2022,29114.7,188859,52708425
E12000001,North East,12/3/2022,,8803,2082503
E12000002,North West,12/3/2022,,25308,5601766
E12000003,Yorkshire and The Humber,12/3/2022,,16323,4192162
E12000004,East Midlands,12/3/2022,,14596,3760854
E12000005,West Midlands,12/3/2022,,19100,4440991
E12000006,East of England,12/3/2022,,18127,4891313
E12000007,London,12/3/2022,,22900,6432451
E12000008,South East,12/3/2022,,24745,7310746
E12000009,South West,12/3/2022,,10710,4600160
K02000001,United Kingdom,12/3/2022,29114.7,188752,52704574
E12000001,North East,11/3/2022,845603,8801,2082503
E12000002,North West,11/3/2022,2320618,25303,5601766
E12000003,Yorkshire and The Humber,11/3/2022,1620732,16307,4192162
E12000004,East Midlands,11/3/2022,1411112,14590,3760854
E12000005,West Midlands,11/3/2022,1709911,19086,4440991
E12000006,East of England,11/3/2022,1768769,18120,4891313
E12000007,London,11/3/2022,2619504,22884,6432451
E12000008,South East,11/3/2022,2600648,24731,7310746
E12000009,South West,11/3/2022,1458317,10695,4600160
K02000001,United Kingdom,11/3/2022,29114.7,188635,52696527
E12000001,North East,10/3/2022,844120,8800,2082503
E12000002,North West,10/3/2022,2314777,25294,5601766
E12000003,Yorkshire and The Humber,10/3/2022,1617048,16303,4192162
E12000004,East Midlands,10/3/2022,1406515,14575,3760854
E12000005,West Midlands,10/3/2022,1705500,19073,4440991
E12000006,East of England,10/3/2022,1761033,18108,4891313
E12000007,London,10/3/2022,2612092,22874,6432451
E12000008,South East,10/3/2022,2588556,24715,7310746
E12000009,South West,10/3/2022,1450217,10681,4600160
K02000001,United Kingdom,10/3/2022,29006.6,188518,52692089
E12000001,North East,9/3/2022,842462,8797,2082417
E12000002,North West,9/3/2022,2309279,25285,5601824
E12000003,Yorkshire and The Humber,9/3/2022,1613118,16293,4192121
E12000004,East Midlands,9/3/2022,1402609,14569,3760799
E12000005,West Midlands,9/3/2022,1701731,19060,4440974
E12000006,East of England,9/3/2022,1753893,18093,4891563
E12000007,London,9/3/2022,2604613,22868,6432963
E12000008,South East,9/3/2022,2577192,24701,7310626
E12000009,South West,9/3/2022,1442751,10667,4600267
K02000001,United Kingdom,9/3/2022,28881.2,188405,52687324
E12000001,North East,8/3/2022,840852,8794,2082281
E12000002,North West,8/3/2022,2303997,25274,5601377
E12000003,Yorkshire and The Humber,8/3/2022,1609577,16282,4191784
E12000004,East Midlands,8/3/2022,1398218,14560,3760580
E12000005,West Midlands,8/3/2022,1697439,19047,4440540
E12000006,East of England,8/3/2022,1746593,18081,4891428
E12000007,London,8/3/2022,2597907,22861,6432035
E12000008,South East,8/3/2022,2566083,24688,7310175
E12000009,South West,8/3/2022,1436124,10661,4600037
K02000001,United Kingdom,8/3/2022,28781.5,188301,52682128
E12000001,North East,7/3/2022,839400,8790,2082233
E12000002,North West,7/3/2022,2299384,25266,5601050
E12000003,Yorkshire and The Humber,7/3/2022,1606688,16272,4191589
E12000004,East Midlands,7/3/2022,1394876,14554,3760521
E12000005,West Midlands,7/3/2022,1694250,19037,4440291
E12000006,East of England,7/3/2022,1740469,18071,4891332
E12000007,London,7/3/2022,2591956,22850,6430988
E12000008,South East,7/3/2022,2557205,24665,7309813
E12000009,South West,7/3/2022,1430218,10646,4599911
K02000001,United Kingdom,7/3/2022,28689.5,188185,52677564
E12000001,North East,6/3/2022,,8787,2082095
E12000002,North West,6/3/2022,,25246,5600537
E12000003,Yorkshire and The Humber,6/3/2022,,16262,4191185
E12000004,East Midlands,6/3/2022,,14543,3760239
E12000005,West Midlands,6/3/2022,,19029,4439856
E12000006,East of England,6/3/2022,,18064,4891002
E12000007,London,6/3/2022,,22842,6429788
E12000008,South East,6/3/2022,,24651,7309322
E12000009,South West,6/3/2022,,10637,4599607
K02000001,United Kingdom,6/3/2022,28501.5,188062,52672968
E12000001,North East,5/3/2022,,8785,
E12000002,North West,5/3/2022,,25241,
E12000003,Yorkshire and The Humber,5/3/2022,,16258,
E12000004,East Midlands,5/3/2022,,14534,
E12000005,West Midlands,5/3/2022,,19021,
E12000006,East of England,5/3/2022,,18058,
E12000007,London,5/3/2022,,22834,
E12000008,South East,5/3/2022,,24641,
E12000009,South West,5/3/2022,,10630,
K02000001,United Kingdom,5/3/2022,28501.5,187973,52668909
E12000001,North East,4/3/2022,836575,8778,
E12000002,North West,4/3/2022,2290017,25235,
E12000003,Yorkshire and The Humber,4/3/2022,1600254,16251,
E12000004,East Midlands,4/3/2022,1387274,14528,
E12000005,West Midlands,4/3/2022,1686932,19007,
E12000006,East of England,4/3/2022,1727406,18050,
E12000007,London,4/3/2022,2577913,22830,
E12000008,South East,4/3/2022,2536533,24621,
E12000009,South West,4/3/2022,1417220,10622,
K02000001,United Kingdom,4/3/2022,28501.5,187873,52660741
E12000001,North East,3/3/2022,835418,8773,
E12000002,North West,3/3/2022,2286772,25225,
E12000003,Yorkshire and The Humber,3/3/2022,1597936,16244,
E12000004,East Midlands,3/3/2022,1384848,14519,
E12000005,West Midlands,3/3/2022,1684493,18997,
E12000006,East of England,3/3/2022,1723137,18037,
E12000007,London,3/3/2022,2572954,22823,
E12000008,South East,3/3/2022,2530159,24608,
E12000009,South West,3/3/2022,1413046,10612,
K02000001,United Kingdom,3/3/2022,28435.2,187764,52654053
E12000001,North East,2/3/2022,834385,8769,
E12000002,North West,2/3/2022,2283534,25213,
E12000003,Yorkshire and The Humber,2/3/2022,1595402,16238,
E12000004,East Midlands,2/3/2022,1382230,14514,
E12000005,West Midlands,2/3/2022,1681898,18986,
E12000006,East of England,2/3/2022,1718724,18027,
E12000007,London,2/3/2022,2568054,22817,
E12000008,South East,2/3/2022,2523211,24593,
E12000009,South West,2/3/2022,1408709,10607,
K02000001,United Kingdom,2/3/2022,28367.6,187666,52647706
E12000001,North East,1/3/2022,833223,8760,
E12000002,North West,1/3/2022,2280532,25202,
E12000003,Yorkshire and The Humber,1/3/2022,1593240,16233,
E12000004,East Midlands,1/3/2022,1379697,14504,
E12000005,West Midlands,1/3/2022,1679265,18975,
E12000006,East of England,1/3/2022,1714626,18010,
E12000007,London,1/3/2022,2563137,22808,
E12000008,South East,1/3/2022,2516447,24563,
E12000009,South West,1/3/2022,1404418,10602,
K02000001,United Kingdom,1/3/2022,28302.4,187521,52640258
E12000001,North East,28/2/2022,832263,8755,
E12000002,North West,28/2/2022,2277947,25186,
E12000003,Yorkshire and The Humber,28/2/2022,1591308,16224,
E12000004,East Midlands,28/2/2022,1377631,14500,
E12000005,West Midlands,28/2/2022,1677043,18969,
E12000006,East of England,28/2/2022,1711163,18000,
E12000007,London,28/2/2022,2559187,22800,
E12000008,South East,28/2/2022,2511119,24544,
E12000009,South West,28/2/2022,1400637,10598,
K02000001,United Kingdom,28/2/2022,28155,187417,52634448
E12000001,North East,27/2/2022,,8753,
E12000002,North West,27/2/2022,,25167,
E12000003,Yorkshire and The Humber,27/2/2022,,16221,
E12000004,East Midlands,27/2/2022,,14494,
E12000005,West Midlands,27/2/2022,,18954,
E12000006,East of England,27/2/2022,,17987,
E12000007,London,27/2/2022,,22797,
E12000008,South East,27/2/2022,,24531,
E12000009,South West,27/2/2022,,10590,
K02000001,United Kingdom,27/2/2022,28032.8,187312,52628660
E12000001,North East,26/2/2022,,8748,
E12000002,North West,26/2/2022,,25160,
E12000003,Yorkshire and The Humber,26/2/2022,,16212,
E12000004,East Midlands,26/2/2022,,14486,
E12000005,West Midlands,26/2/2022,,18945,
E12000006,East of England,26/2/2022,,17977,
E12000007,London,26/2/2022,,22783,
E12000008,South East,26/2/2022,,24514,
E12000009,South West,26/2/2022,,10579,
K02000001,United Kingdom,26/2/2022,28032.8,187195,52623819
E12000001,North East,25/2/2022,830171,8745,
E12000002,North West,25/2/2022,2272147,25151,
E12000003,Yorkshire and The Humber,25/2/2022,1586899,16204,
E12000004,East Midlands,25/2/2022,1372920,14477,
E12000005,West Midlands,25/2/2022,1671875,18938,
E12000006,East of England,25/2/2022,1703645,17968,
E12000007,London,25/2/2022,2550057,22777,
E12000008,South East,25/2/2022,2498499,24498,
E12000009,South West,25/2/2022,1392376,10571,
K02000001,United Kingdom,25/2/2022,28032.8,187097,52614348
E12000001,North East,24/2/2022,829370,8740,
E12000002,North West,24/2/2022,2270115,25145,
E12000003,Yorkshire and The Humber,24/2/2022,1585279,16199,
E12000004,East Midlands,24/2/2022,1371100,14465,
E12000005,West Midlands,24/2/2022,1669918,18924,
E12000006,East of England,24/2/2022,1700685,17955,
E12000007,London,24/2/2022,2546128,22770,
E12000008,South East,24/2/2022,2493688,24481,
E12000009,South West,24/2/2022,1389312,10562,
K02000001,United Kingdom,24/2/2022,27985.7,186978,52606239
E12000001,North East,23/2/2022,828440,8738,
E12000002,North West,23/2/2022,2267344,25129,
E12000003,Yorkshire and The Humber,23/2/2022,1583337,16186,
E12000004,East Midlands,23/2/2022,1368858,14458,
E12000005,West Midlands,23/2/2022,1667605,18911,
E12000006,East of England,23/2/2022,1697164,17943,
E12000007,London,23/2/2022,2541694,22762,
E12000008,South East,23/2/2022,2487877,24472,
E12000009,South West,23/2/2022,1385712,10551,
K02000001,United Kingdom,23/2/2022,27928.4,186856,52598276
E12000001,North East,22/2/2022,827472,8737,
E12000002,North West,22/2/2022,2264863,25113,
E12000003,Yorkshire and The Humber,22/2/2022,1581339,16176,
E12000004,East Midlands,22/2/2022,1366644,14453,
E12000005,West Midlands,22/2/2022,1665160,18900,
E12000006,East of England,22/2/2022,1693379,17931,
E12000007,London,22/2/2022,2536804,22755,
E12000008,South East,22/2/2022,2481383,24455,
E12000009,South West,22/2/2022,1381840,10542,
K02000001,United Kingdom,22/2/2022,27869.9,186742,52589291
E12000001,North East,21/2/2022,826557,8734,
E12000002,North West,21/2/2022,2262005,25107,
E12000003,Yorkshire and The Humber,21/2/2022,1579190,16169,
E12000004,East Midlands,21/2/2022,1364092,14441,
E12000005,West Midlands,21/2/2022,1662841,18888,
E12000006,East of England,21/2/2022,1689169,17923,
E12000007,London,21/2/2022,2531948,22746,
E12000008,South East,21/2/2022,2475473,24440,
E12000009,South West,21/2/2022,1377937,10527,
K02000001,United Kingdom,21/2/2022,27808.9,186627,52581000
E12000001,North East,20/2/2022,825723,8731,
E12000002,North West,20/2/2022,2259430,25097,
E12000003,Yorkshire and The Humber,20/2/2022,1577320,16164,
E12000004,East Midlands,20/2/2022,1361658,14431,
E12000005,West Midlands,20/2/2022,1660770,18876,
E12000006,East of England,20/2/2022,1684710,17914,
E12000007,London,20/2/2022,2526977,22733,
E12000008,South East,20/2/2022,2469007,24420,
E12000009,South West,20/2/2022,1374274,10520,
K02000001,United Kingdom,20/2/2022,27752.1,186522,52573589
E12000001,North East,19/2/2022,824834,8726,
E12000002,North West,19/2/2022,2257192,25087,
E12000003,Yorkshire and The Humber,19/2/2022,1575314,16154,
E12000004,East Midlands,19/2/2022,1359525,14423,
E12000005,West Midlands,19/2/2022,1658603,18868,
E12000006,East of England,19/2/2022,1681625,17903,
E12000007,London,19/2/2022,2523595,22722,
E12000008,South East,19/2/2022,2464321,24396,
E12000009,South West,19/2/2022,1371356,10505,
K02000001,United Kingdom,19/2/2022,27705.8,186400,52568119
E12000001,North East,18/2/2022,823743,8723,
E12000002,North West,18/2/2022,2252939,25077,
E12000003,Yorkshire and The Humber,18/2/2022,1573062,16139,
E12000004,East Midlands,18/2/2022,1356994,14408,
E12000005,West Midlands,18/2/2022,1656129,18857,
E12000006,East of England,18/2/2022,1677747,17894,
E12000007,London,18/2/2022,2518774,22718,
E12000008,South East,18/2/2022,2457892,24378,
E12000009,South West,18/2/2022,1367537,10494,
K02000001,United Kingdom,18/2/2022,27647.4,186280,52557346
E12000001,North East,17/2/2022,822413,8717,
E12000002,North West,17/2/2022,2249759,25065,
E12000003,Yorkshire and The Humber,17/2/2022,1570465,16129,
E12000004,East Midlands,17/2/2022,1354114,14398,
E12000005,West Midlands,17/2/2022,1652794,18842,
E12000006,East of England,17/2/2022,1673152,17884,
E12000007,London,17/2/2022,2513192,22709,
E12000008,South East,17/2/2022,2450104,24356,
E12000009,South West,17/2/2022,1362661,10488,
K02000001,United Kingdom,17/2/2022,27577.1,186154,52551460
E12000001,North East,16/2/2022,820917,8710,
E12000002,North West,16/2/2022,2246002,25049,
E12000003,Yorkshire and The Humber,16/2/2022,1567442,16121,
E12000004,East Midlands,16/2/2022,1351028,14390,
E12000005,West Midlands,16/2/2022,1649321,18826,
E12000006,East of England,16/2/2022,1668228,17875,
E12000007,London,16/2/2022,2507271,22697,
E12000008,South East,16/2/2022,2441610,24344,
E12000009,South West,16/2/2022,1357187,10474,
K02000001,United Kingdom,16/2/2022,27500.5,186031,52542206
E12000001,North East,15/2/2022,819386,8703,
E12000002,North West,15/2/2022,2242105,25036,
E12000003,Yorkshire and The Humber,15/2/2022,1564394,16111,
E12000004,East Midlands,15/2/2022,1347882,14379,
E12000005,West Midlands,15/2/2022,1645476,18816,
E12000006,East of England,15/2/2022,1663118,17864,
E12000007,London,15/2/2022,2501118,22688,
E12000008,South East,15/2/2022,2432221,24329,
E12000009,South West,15/2/2022,1351229,10458,
K02000001,United Kingdom,15/2/2022,27420.4,185906,52531292
E12000001,North East,14/2/2022,817919,8701,
E12000002,North West,14/2/2022,2238815,25024,
E12000003,Yorkshire and The Humber,14/2/2022,1561664,16099,
E12000004,East Midlands,14/2/2022,1345226,14371,
E12000005,West Midlands,14/2/2022,1642135,18806,
E12000006,East of England,14/2/2022,1658796,17845,
E12000007,London,14/2/2022,2495944,22679,
E12000008,South East,14/2/2022,2424647,24308,
E12000009,South West,14/2/2022,1345793,10451,
K02000001,United Kingdom,14/2/2022,27352,185776,52522201
E12000001,North East,13/2/2022,816637,8696,
E12000002,North West,13/2/2022,2235995,25012,
E12000003,Yorkshire and The Humber,13/2/2022,1559143,16079,
E12000004,East Midlands,13/2/2022,1342696,14360,
E12000005,West Midlands,13/2/2022,1639203,18796,
E12000006,East of England,13/2/2022,1654977,17828,
E12000007,London,13/2/2022,2491597,22663,
E12000008,South East,13/2/2022,2417872,24287,
E12000009,South West,13/2/2022,1341155,10440,
K02000001,United Kingdom,13/2/2022,27290.4,185626,52514094
E12000001,North East,12/2/2022,815473,8690,
E12000002,North West,12/2/2022,2233238,24994,
E12000003,Yorkshire and The Humber,12/2/2022,1556909,16068,
E12000004,East Midlands,12/2/2022,1340123,14353,
E12000005,West Midlands,12/2/2022,1636470,18782,
E12000006,East of England,12/2/2022,1650817,17820,
E12000007,London,12/2/2022,2486733,22648,
E12000008,South East,12/2/2022,2410863,24264,
E12000009,South West,12/2/2022,1336936,10432,
K02000001,United Kingdom,12/2/2022,27229.5,185500,52506600
E12000001,North East,11/2/2022,814056,8683,
E12000002,North West,11/2/2022,2230002,24981,
E12000003,Yorkshire and The Humber,11/2/2022,1554143,16056,
E12000004,East Midlands,11/2/2022,1337057,14336,
E12000005,West Midlands,11/2/2022,1632884,18769,
E12000006,East of England,11/2/2022,1646298,17800,
E12000007,London,11/2/2022,2480958,22640,
E12000008,South East,11/2/2022,2403180,24238,
E12000009,South West,11/2/2022,1332047,10423,
K02000001,United Kingdom,11/2/2022,27161.9,185358,52491419
E12000001,North East,10/2/2022,812403,8677,
E12000002,North West,10/2/2022,2225903,24965,
E12000003,Yorkshire and The Humber,10/2/2022,1550573,16047,
E12000004,East Midlands,10/2/2022,1333212,14325,
E12000005,West Midlands,10/2/2022,1628805,18754,
E12000006,East of England,10/2/2022,1640747,17789,
E12000007,London,10/2/2022,2473856,22626,
E12000008,South East,10/2/2022,2393445,24213,
E12000009,South West,10/2/2022,1325916,10411,
K02000001,United Kingdom,10/2/2022,27074.9,185218,52480344
E12000001,North East,9/2/2022,810348,8666,
E12000002,North West,9/2/2022,2220841,24956,
E12000003,Yorkshire and The Humber,9/2/2022,1546393,16035,
E12000004,East Midlands,9/2/2022,1329194,14315,
E12000005,West Midlands,9/2/2022,1624422,18742,
E12000006,East of England,9/2/2022,1634409,17773,
E12000007,London,9/2/2022,2465923,22617,
E12000008,South East,9/2/2022,2382208,24197,
E12000009,South West,9/2/2022,1318879,10402,
K02000001,United Kingdom,9/2/2022,26833.3,185097,52468730
E12000001,North East,8/2/2022,808207,8657,
E12000002,North West,8/2/2022,2215832,24943,
E12000003,Yorkshire and The Humber,8/2/2022,1542091,16023,
E12000004,East Midlands,8/2/2022,1324430,14306,
E12000005,West Midlands,8/2/2022,1618889,18732,
E12000006,East of England,8/2/2022,1627212,17755,
E12000007,London,8/2/2022,2457021,22609,
E12000008,South East,8/2/2022,2369896,24176,
E12000009,South West,8/2/2022,1311073,10387,
K02000001,United Kingdom,8/2/2022,26733,184956,52458207
E12000001,North East,7/2/2022,805996,8647,
E12000002,North West,7/2/2022,2210503,24924,
E12000003,Yorkshire and The Humber,7/2/2022,1537933,16009,
E12000004,East Midlands,7/2/2022,1320003,14295,
E12000005,West Midlands,7/2/2022,1613601,18706,
E12000006,East of England,7/2/2022,1620361,17744,
E12000007,London,7/2/2022,2449012,22600,
E12000008,South East,7/2/2022,2358237,24153,
E12000009,South West,7/2/2022,1303698,10377,
K02000001,United Kingdom,7/2/2022,26634.3,184799,52447403
E12000001,North East,6/2/2022,804168,8640,
E12000002,North West,6/2/2022,2206372,24906,
E12000003,Yorkshire and The Humber,6/2/2022,1534178,15995,
E12000004,East Midlands,6/2/2022,1315850,14291,
E12000005,West Midlands,6/2/2022,1609256,18692,
E12000006,East of England,6/2/2022,1614005,17723,
E12000007,London,6/2/2022,2442186,22587,
E12000008,South East,6/2/2022,2347934,24133,
E12000009,South West,6/2/2022,1297396,10368,
K02000001,United Kingdom,6/2/2022,26549.1,184663,52437297
E12000001,North East,5/2/2022,802375,8633,
E12000002,North West,5/2/2022,2202008,24886,
E12000003,Yorkshire and The Humber,5/2/2022,1530151,15982,
E12000004,East Midlands,5/2/2022,1312001,14285,
E12000005,West Midlands,5/2/2022,1604513,18674,
E12000006,East of England,5/2/2022,1607766,17711,
E12000007,London,5/2/2022,2435268,22578,
E12000008,South East,5/2/2022,2337339,24111,
E12000009,South West,5/2/2022,1291427,10347,
K02000001,United Kingdom,5/2/2022,26464.8,184509,52428976
E12000001,North East,4/2/2022,800129,8625,
E12000002,North West,4/2/2022,2196284,24856,
E12000003,Yorkshire and The Humber,4/2/2022,1525517,15967,
E12000004,East Midlands,4/2/2022,1307183,14275,
E12000005,West Midlands,4/2/2022,1598888,18655,
E12000006,East of England,4/2/2022,1600901,17697,
E12000007,London,4/2/2022,2426973,22567,
E12000008,South East,4/2/2022,2326102,24086,
E12000009,South West,4/2/2022,1284310,10335,
K02000001,United Kingdom,4/2/2022,26370.8,184344,52414182
E12000001,North East,3/2/2022,797323,8614,
E12000002,North West,3/2/2022,2189742,24844,
E12000003,Yorkshire and The Humber,3/2/2022,1519868,15954,
E12000004,East Midlands,3/2/2022,1301296,14255,
E12000005,West Midlands,3/2/2022,1591669,18636,
E12000006,East of England,3/2/2022,1591954,17677,
E12000007,London,3/2/2022,2416122,22547,
E12000008,South East,3/2/2022,2311516,24073,
E12000009,South West,3/2/2022,1275993,10322,
K02000001,United Kingdom,3/2/2022,26248.5,184187,52399031
E12000001,North East,2/2/2022,794012,8601,
E12000002,North West,2/2/2022,2182759,24816,
E12000003,Yorkshire and The Humber,2/2/2022,1513430,15940,
E12000004,East Midlands,2/2/2022,1295004,14237,
E12000005,West Midlands,2/2/2022,1584479,18623,
E12000006,East of England,2/2/2022,1582551,17662,
E12000007,London,2/2/2022,2405212,22536,
E12000008,South East,2/2/2022,2294964,24048,
E12000009,South West,2/2/2022,1266440,10299,
K02000001,United Kingdom,2/2/2022,26117.2,184000,52385688
E12000001,North East,1/2/2022,790430,8596,
E12000002,North West,1/2/2022,2175097,24800,
E12000003,Yorkshire and The Humber,1/2/2022,1506561,15928,
E12000004,East Midlands,1/2/2022,1288341,14213,
E12000005,West Midlands,1/2/2022,1576394,18597,
E12000006,East of England,1/2/2022,1573202,17645,
E12000007,London,1/2/2022,2394136,22518,
E12000008,South East,1/2/2022,2278579,24025,
E12000009,South West,1/2/2022,1256273,10284,
K02000001,United Kingdom,1/2/2022,25981,183820,52373222
E12000001,North East,31/1/2022,785714,8577,
E12000002,North West,31/1/2022,2164231,24772,
E12000003,Yorkshire and The Humber,31/1/2022,1498455,15917,
E12000004,East Midlands,31/1/2022,1279666,14195,
E12000005,West Midlands,31/1/2022,1566094,18579,
E12000006,East of England,31/1/2022,1560962,17632,
E12000007,London,31/1/2022,2375622,22502,
E12000008,South East,31/1/2022,2258328,23995,
E12000009,South West,31/1/2022,1244308,10274,
K02000001,United Kingdom,31/1/2022,25813.3,183620,52360487
E12000001,North East,30/1/2022,737063,8564,
E12000002,North West,30/1/2022,2026971,24754,
E12000003,Yorkshire and The Humber,30/1/2022,1409006,15889,
E12000004,East Midlands,30/1/2022,1209844,14179,
E12000005,West Midlands,30/1/2022,1472291,18554,
E12000006,East of England,30/1/2022,1482671,17612,
E12000007,London,30/1/2022,2247546,22489,
E12000008,South East,30/1/2022,2149214,23970,
E12000009,South West,30/1/2022,1184976,10261,
K02000001,United Kingdom,30/1/2022,24564.9,183419,52345158
E12000001,North East,29/1/2022,734860,8553,
E12000002,North West,29/1/2022,2021611,24727,
E12000003,Yorkshire and The Humber,29/1/2022,1403680,15876,
E12000004,East Midlands,29/1/2022,1204960,14165,
E12000005,West Midlands,29/1/2022,1466588,18533,
E12000006,East of England,29/1/2022,1474964,17594,
E12000007,London,29/1/2022,2239135,22471,
E12000008,South East,29/1/2022,2136445,23947,
E12000009,South West,29/1/2022,1178131,10240,
K02000001,United Kingdom,29/1/2022,24462.1,183231,52333474
E12000001,North East,28/1/2022,732042,8544,
E12000002,North West,28/1/2022,2015306,24698,
E12000003,Yorkshire and The Humber,28/1/2022,1398079,15853,
E12000004,East Midlands,28/1/2022,1198935,14156,
E12000005,West Midlands,28/1/2022,1458631,18506,
E12000006,East of England,28/1/2022,1466366,17575,
E12000007,London,28/1/2022,2229554,22451,
E12000008,South East,28/1/2022,2122698,23938,
E12000009,South West,28/1/2022,1170592,10228,
K02000001,United Kingdom,28/1/2022,24349.6,183053,52314528
E12000001,North East,27/1/2022,728618,8526,
E12000002,North West,27/1/2022,2007842,24673,
E12000003,Yorkshire and The Humber,27/1/2022,1391055,15832,
E12000004,East Midlands,27/1/2022,1192371,14141,
E12000005,West Midlands,27/1/2022,1450681,18492,
E12000006,East of England,27/1/2022,1457232,17561,
E12000007,London,27/1/2022,2218248,22431,
E12000008,South East,27/1/2022,2106874,23918,
E12000009,South West,27/1/2022,1161701,10215,
K02000001,United Kingdom,27/1/2022,24217.6,182854,52297579
E12000001,North East,26/1/2022,724758,8515,
E12000002,North West,26/1/2022,1999472,24642,
E12000003,Yorkshire and The Humber,26/1/2022,1383711,15808,
E12000004,East Midlands,26/1/2022,1185466,14121,
E12000005,West Midlands,26/1/2022,1441504,18472,
E12000006,East of England,26/1/2022,1447060,17546,
E12000007,London,26/1/2022,2206554,22415,
E12000008,South East,26/1/2022,2089868,23897,
E12000009,South West,26/1/2022,1152197,10203,
K02000001,United Kingdom,26/1/2022,24074.3,182644,52281873
E12000001,North East,25/1/2022,720343,8504,
E12000002,North West,25/1/2022,1990330,24621,
E12000003,Yorkshire and The Humber,25/1/2022,1375218,15787,
E12000004,East Midlands,25/1/2022,1178221,14096,
E12000005,West Midlands,25/1/2022,1432031,18452,
E12000006,East of England,25/1/2022,1436220,17527,
E12000007,London,25/1/2022,2193827,22391,
E12000008,South East,25/1/2022,2072632,23876,
E12000009,South West,25/1/2022,1142405,10191,
K02000001,United Kingdom,25/1/2022,23922.8,182449,52266515
E12000001,North East,24/1/2022,716109,8496,
E12000002,North West,24/1/2022,1981878,24599,
E12000003,Yorkshire and The Humber,24/1/2022,1367426,15767,
E12000004,East Midlands,24/1/2022,1170983,14081,
E12000005,West Midlands,24/1/2022,1422980,18431,
E12000006,East of England,24/1/2022,1425599,17508,
E12000007,London,24/1/2022,2183017,22371,
E12000008,South East,24/1/2022,2056258,23866,
E12000009,South West,24/1/2022,1133375,10172,
K02000001,United Kingdom,24/1/2022,23782.6,182258,52252579
E12000001,North East,23/1/2022,712383,8483,
E12000002,North West,23/1/2022,1974321,24562,
E12000003,Yorkshire and The Humber,23/1/2022,1360443,15748,
E12000004,East Midlands,23/1/2022,1164506,14066,
E12000005,West Midlands,23/1/2022,1414363,18409,
E12000006,East of England,23/1/2022,1415891,17486,
E12000007,London,23/1/2022,2173099,22344,
E12000008,South East,23/1/2022,2041538,23841,
E12000009,South West,23/1/2022,1125306,10158,
K02000001,United Kingdom,23/1/2022,23652.4,182039,52236574
E12000001,North East,22/1/2022,708838,8468,
E12000002,North West,22/1/2022,1967302,24530,
E12000003,Yorkshire and The Humber,22/1/2022,1353762,15725,
E12000004,East Midlands,22/1/2022,1158873,14046,
E12000005,West Midlands,22/1/2022,1406506,18387,
E12000006,East of England,22/1/2022,1407502,17466,
E12000007,London,22/1/2022,2163773,22324,
E12000008,South East,22/1/2022,2028512,23829,
E12000009,South West,22/1/2022,1118183,10143,
K02000001,United Kingdom,22/1/2022,23535.5,181823,52224308
E12000001,North East,21/1/2022,705024,8451,
E12000002,North West,21/1/2022,1959281,24498,
E12000003,Yorkshire and The Humber,21/1/2022,1346517,15707,
E12000004,East Midlands,21/1/2022,1153042,14023,
E12000005,West Midlands,21/1/2022,1398464,18370,
E12000006,East of England,21/1/2022,1399443,17443,
E12000007,London,21/1/2022,2153764,22296,
E12000008,South East,21/1/2022,2015656,23803,
E12000009,South West,21/1/2022,1111236,10137,
K02000001,United Kingdom,21/1/2022,23418,181605,52203930
E12000001,North East,20/1/2022,700177,8435,
E12000002,North West,20/1/2022,1949906,24464,
E12000003,Yorkshire and The Humber,20/1/2022,1338396,15678,
E12000004,East Midlands,20/1/2022,1145662,14003,
E12000005,West Midlands,20/1/2022,1388665,18350,
E12000006,East of England,20/1/2022,1388820,17421,
E12000007,London,20/1/2022,2141877,22262,
E12000008,South East,20/1/2022,2000476,23778,
E12000009,South West,20/1/2022,1103086,10127,
K02000001,United Kingdom,20/1/2022,23275.2,181360,52186398
E12000001,North East,19/1/2022,694940,8418,
E12000002,North West,19/1/2022,1939031,24441,
E12000003,Yorkshire and The Humber,19/1/2022,1328645,15658,
E12000004,East Midlands,19/1/2022,1138120,13991,
E12000005,West Midlands,19/1/2022,1377633,18335,
E12000006,East of England,19/1/2022,1378050,17404,
E12000007,London,19/1/2022,2127103,22240,
E12000008,South East,19/1/2022,1984400,23752,
E12000009,South West,19/1/2022,1094661,10116,
K02000001,United Kingdom,19/1/2022,23116.4,181162,52168592
E12000001,North East,18/1/2022,689037,8407,
E12000002,North West,18/1/2022,1927821,24416,
E12000003,Yorkshire and The Humber,18/1/2022,1319351,15643,
E12000004,East Midlands,18/1/2022,1130075,13974,
E12000005,West Midlands,18/1/2022,1366563,18312,
E12000006,East of England,18/1/2022,1366924,17377,
E12000007,London,18/1/2022,2113775,22221,
E12000008,South East,18/1/2022,1968074,23730,
E12000009,South West,18/1/2022,1085595,10102,
K02000001,United Kingdom,18/1/2022,22956.2,180948,52151643
E12000001,North East,17/1/2022,683228,8389,
E12000002,North West,17/1/2022,1917644,24384,
E12000003,Yorkshire and The Humber,17/1/2022,1310204,15623,
E12000004,East Midlands,17/1/2022,1123085,13953,
E12000005,West Midlands,17/1/2022,1356461,18294,
E12000006,East of England,17/1/2022,1357543,17358,
E12000007,London,17/1/2022,2102659,22189,
E12000008,South East,17/1/2022,1954335,23705,
E12000009,South West,17/1/2022,1077949,10095,
K02000001,United Kingdom,17/1/2022,22816.2,180724,52133611
E12000001,North East,16/1/2022,678831,8379,
E12000002,North West,16/1/2022,1908211,24352,
E12000003,Yorkshire and The Humber,16/1/2022,1302452,15597,
E12000004,East Midlands,16/1/2022,1117019,13938,
E12000005,West Midlands,16/1/2022,1347324,18271,
E12000006,East of England,16/1/2022,1349207,17335,
E12000007,London,16/1/2022,2092884,22165,
E12000008,South East,16/1/2022,1942264,23680,
E12000009,South West,16/1/2022,1071447,10081,
K02000001,United Kingdom,16/1/2022,22690.9,180497,52117863
E12000001,North East,15/1/2022,674578,8361,
E12000002,North West,15/1/2022,1900885,24316,
E12000003,Yorkshire and The Humber,15/1/2022,1295154,15576,
E12000004,East Midlands,15/1/2022,1111560,13921,
E12000005,West Midlands,15/1/2022,1339941,18248,
E12000006,East of England,15/1/2022,1342033,17319,
E12000007,London,15/1/2022,2083272,22131,
E12000008,South East,15/1/2022,1931400,23655,
E12000009,South West,15/1/2022,1065708,10067,
K02000001,United Kingdom,15/1/2022,22580.2,180249,52100163
E12000001,North East,14/1/2022,669704,8350,
E12000002,North West,14/1/2022,1891294,24280,
E12000003,Yorkshire and The Humber,14/1/2022,1286635,15552,
E12000004,East Midlands,14/1/2022,1105471,13905,
E12000005,West Midlands,14/1/2022,1331315,18223,
E12000006,East of England,14/1/2022,1334279,17305,
E12000007,London,14/1/2022,2072671,22093,
E12000008,South East,14/1/2022,1920480,23626,
E12000009,South West,14/1/2022,1059679,10053,
K02000001,United Kingdom,14/1/2022,22459.9,179993,52072754
E12000001,North East,13/1/2022,663797,8337,
E12000002,North West,13/1/2022,1879508,24246,
E12000003,Yorkshire and The Humber,13/1/2022,1276959,15536,
E12000004,East Midlands,13/1/2022,1098416,13890,
E12000005,West Midlands,13/1/2022,1320266,18198,
E12000006,East of England,13/1/2022,1325464,17278,
E12000007,London,13/1/2022,2060180,22056,
E12000008,South East,13/1/2022,1907801,23607,
E12000009,South West,13/1/2022,1053033,10041,
K02000001,United Kingdom,13/1/2022,22313,179762,52051876
E12000001,North East,12/1/2022,656347,8329,
E12000002,North West,12/1/2022,1866738,24216,
E12000003,Yorkshire and The Humber,12/1/2022,1266927,15518,
E12000004,East Midlands,12/1/2022,1090198,13874,
E12000005,West Midlands,12/1/2022,1309673,18175,
E12000006,East of England,12/1/2022,1316235,17256,
E12000007,London,12/1/2022,2046242,22020,
E12000008,South East,12/1/2022,1894049,23586,
E12000009,South West,12/1/2022,1045835,10032,
K02000001,United Kingdom,12/1/2022,22155.4,179528,52031355
E12000001,North East,11/1/2022,646360,8311,
E12000002,North West,11/1/2022,1847587,24183,
E12000003,Yorkshire and The Humber,11/1/2022,1253242,15495,
E12000004,East Midlands,11/1/2022,1081384,13860,
E12000005,West Midlands,11/1/2022,1294859,18158,
E12000006,East of England,11/1/2022,1306117,17243,
E12000007,London,11/1/2022,2030789,21990,
E12000008,South East,11/1/2022,1879443,23556,
E12000009,South West,11/1/2022,1037066,10015,
K02000001,United Kingdom,11/1/2022,21962.3,179293,52011835
E12000001,North East,10/1/2022,638726,8303,
E12000002,North West,10/1/2022,1831550,24154,
E12000003,Yorkshire and The Humber,10/1/2022,1237376,15473,
E12000004,East Midlands,10/1/2022,1072758,13836,
E12000005,West Midlands,10/1/2022,1283067,18136,
E12000006,East of England,10/1/2022,1297265,17215,
E12000007,London,10/1/2022,2018480,21951,
E12000008,South East,10/1/2022,1868477,23538,
E12000009,South West,10/1/2022,1030785,10006,
K02000001,United Kingdom,10/1/2022,21790.5,179063,51992559
E12000001,North East,9/1/2022,630526,8291,
E12000002,North West,9/1/2022,1810066,24124,
E12000003,Yorkshire and The Humber,9/1/2022,1220174,15450,
E12000004,East Midlands,9/1/2022,1063436,13817,
E12000005,West Midlands,9/1/2022,1270225,18114,
E12000006,East of England,9/1/2022,1287147,17186,
E12000007,London,9/1/2022,2003245,21921,
E12000008,South East,9/1/2022,1855785,23521,
E12000009,South West,9/1/2022,1022846,9993,
K02000001,United Kingdom,9/1/2022,21578.6,178826,51974605
E12000001,North East,8/1/2022,620359,8283,
E12000002,North West,8/1/2022,1789812,24086,
E12000003,Yorkshire and The Humber,8/1/2022,1206994,15431,
E12000004,East Midlands,8/1/2022,1052589,13798,
E12000005,West Midlands,8/1/2022,1255665,18094,
E12000006,East of England,8/1/2022,1276666,17171,
E12000007,London,8/1/2022,1986752,21886,
E12000008,South East,8/1/2022,1840046,23493,
E12000009,South West,8/1/2022,1014285,9978,
K02000001,United Kingdom,8/1/2022,21367.8,178588,51952400
E12000001,North East,7/1/2022,613152,8274,
E12000002,North West,7/1/2022,1771466,24046,
E12000003,Yorkshire and The Humber,7/1/2022,1194991,15416,
E12000004,East Midlands,7/1/2022,1042185,13783,
E12000005,West Midlands,7/1/2022,1242298,18076,
E12000006,East of England,7/1/2022,1263855,17148,
E12000007,London,7/1/2022,1965899,21854,
E12000008,South East,7/1/2022,1821089,23475,
E12000009,South West,7/1/2022,1005026,9966,
K02000001,United Kingdom,7/1/2022,21158.3,178379,51920711
E12000001,North East,6/1/2022,602990,8269,
E12000002,North West,6/1/2022,1747451,24008,
E12000003,Yorkshire and The Humber,6/1/2022,1179280,15388,
E12000004,East Midlands,6/1/2022,1030541,13763,
E12000005,West Midlands,6/1/2022,1225914,18053,
E12000006,East of England,6/1/2022,1249116,17130,
E12000007,London,6/1/2022,1944341,21826,
E12000008,South East,6/1/2022,1798452,23451,
E12000009,South West,6/1/2022,993972,9951,
K02000001,United Kingdom,6/1/2022,20892.7,178158,51897289
E12000001,North East,5/1/2022,592993,8262,
E12000002,North West,5/1/2022,1721480,23968,
E12000003,Yorkshire and The Humber,5/1/2022,1163581,15374,
E12000004,East Midlands,5/1/2022,1018233,13749,
E12000005,West Midlands,5/1/2022,1207609,18029,
E12000006,East of England,5/1/2022,1234871,17112,
E12000007,London,5/1/2022,1922487,21790,
E12000008,South East,5/1/2022,1778506,23437,
E12000009,South West,5/1/2022,981188,9942,
K02000001,United Kingdom,5/1/2022,20624.7,177945,51874548
E12000001,North East,4/1/2022,583084,8256,
E12000002,North West,4/1/2022,1701724,23939,
E12000003,Yorkshire and The Humber,4/1/2022,1148454,15361,
E12000004,East Midlands,4/1/2022,1003902,13736,
E12000005,West Midlands,4/1/2022,1189593,18017,
E12000006,East of England,4/1/2022,1219729,17086,
E12000007,London,4/1/2022,1899929,21766,
E12000008,South East,4/1/2022,1757699,23417,
E12000009,South West,4/1/2022,969195,9931,
K02000001,United Kingdom,4/1/2022,20335.8,177770,51845518
E12000001,North East,3/1/2022,572832,8249,
E12000002,North West,3/1/2022,1672364,23915,
E12000003,Yorkshire and The Humber,3/1/2022,1133864,15350,
E12000004,East Midlands,3/1/2022,990727,13717,
E12000005,West Midlands,3/1/2022,1176073,17996,
E12000006,East of England,3/1/2022,1204566,17068,
E12000007,London,3/1/2022,1878402,21741,
E12000008,South East,3/1/2022,1739167,23399,
E12000009,South West,3/1/2022,957425,9923,
K02000001,United Kingdom,3/1/2022,20009.8,177573,51820652
E12000001,North East,2/1/2022,565521,8241,
E12000002,North West,2/1/2022,1648181,23893,
E12000003,Yorkshire and The Humber,2/1/2022,1119000,15337,
E12000004,East Midlands,2/1/2022,977195,13708,
E12000005,West Midlands,2/1/2022,1161814,17981,
E12000006,East of England,2/1/2022,1188895,17053,
E12000007,London,2/1/2022,1858322,21711,
E12000008,South East,2/1/2022,1721972,23380,
E12000009,South West,2/1/2022,949060,9905,
K02000001,United Kingdom,2/1/2022,19776.7,177399,51801494
E12000001,North East,1/1/2022,558047,8239,
E12000002,North West,1/1/2022,1628806,23874,
E12000003,Yorkshire and The Humber,1/1/2022,1104702,15322,
E12000004,East Midlands,1/1/2022,967622,13696,
E12000005,West Midlands,1/1/2022,1150426,17965,
E12000006,East of England,1/1/2022,1176339,17036,
E12000007,London,1/1/2022,1838371,21671,
E12000008,South East,1/1/2022,1705939,23367,
E12000009,South West,1/1/2022,939723,9898,
K02000001,United Kingdom,1/1/2022,19554.6,177232,51789045
